[{
    "model": "cases.casetheme",
    "pk": 2,
    "fields": {
      "name": "Vakantieverhuur"
    }
  },
  {
    "model": "cases.casetheme",
    "pk": 3,
    "fields": {
      "name": "Kamerverhuur"
    }
  },
  {
    "model": "cases.casetheme",
    "pk": 4,
    "fields": {
      "name": "Ondermijning",
      "sensitive": true
    }
  },
  {
    "model": "cases.casetheme",
    "pk": 5,
    "fields": {
      "name": "Leegstand",
      "sensitive": false
    }
  },
  {
    "model": "cases.casetheme",
    "pk": 6,
    "fields": {
      "name": "Onderhuur",
      "sensitive": false
    }
  },
  {
    "model": "cases.casetheme",
    "pk": 7,
    "fields": {
      "name": "Opkoopbescherming",
      "sensitive": false
    }
  },
  {
    "model": "cases.casetheme",
    "pk": 8,
    "fields": {
      "name": "Goed verhuurderschap",
      "sensitive": false
    }
  },
  {
    "model": "cases.casereason",
    "pk": 2,
    "fields": {
      "name": "Project",
      "theme": 2
    }
  },
  {
    "model": "cases.casereason",
    "pk": 4,
    "fields": {
      "name": "SIA melding",
      "theme": 2
    }
  },
  {
    "model": "cases.casereason",
    "pk": 5,
    "fields": {
      "name": "Project",
      "theme": 3
    }
  },
  {
    "model": "cases.casereason",
    "pk": 6,
    "fields": {
      "name": "SIA melding",
      "theme": 3
    }
  },
  {
    "model": "cases.casereason",
    "pk": 7,
    "fields": {
      "name": "SIA melding",
      "theme": 4
    }
  },
  {
    "model": "cases.casereason",
    "pk": 8,
    "fields": {
      "name": "Eigen onderzoek",
      "theme": 4
    }
  },
  {
    "model": "cases.casereason",
    "pk": 9,
    "fields": {
      "name": "MMA",
      "theme": 4
    }
  },
  {
    "model": "cases.casereason",
    "pk": 10,
    "fields": {
      "name": "Politie (SBA 2.0)",
      "theme": 4
    }
  },
  {
    "model": "cases.casereason",
    "pk": 12,
    "fields": {
      "name": "Digitaal toezicht",
      "theme": 2
    }
  },
  {
    "model": "cases.casereason",
    "pk": 13,
    "fields": {
      "name": "Doorzon",
      "theme": 4
    }
  },
  {
    "model": "cases.casereason",
    "pk": 14,
    "fields": {
      "name": "Project",
      "theme": 5
    }
  },
  {
    "model": "cases.casereason",
    "pk": 15,
    "fields": {
      "name": "SIA melding",
      "theme": 5
    }
  },
  {
    "model": "cases.casereason",
    "pk": 16,
    "fields": {
      "name": "Leegstandsmelding eigenaar",
      "theme": 5
    }
  },
  {
    "model": "cases.casereason",
    "pk": 17,
    "fields": {
      "name": "Project",
      "theme": 4
    }
  },
  {
    "model": "cases.casereason",
    "pk": 18,
    "fields": {
      "name": "BI melding",
      "theme": 5
    }
  },
  {
    "model": "cases.casereason",
    "pk": 19,
    "fields": {
      "name": "Ilprowo",
      "theme": 4
    }
  },
  {
    "model": "cases.casereason",
    "pk": 20,
    "fields": {
      "name": "Project",
      "theme": 6
    }
  },
  {
    "model": "cases.casereason",
    "pk": 21,
    "fields": {
      "name": "SIA melding",
      "theme": 6
    }
  },
  {
    "model": "cases.casereason",
    "pk": 22,
    "fields": {
      "name": "Corporatie melding",
      "theme": 6
    }
  },
  {
    "model": "cases.casereason",
    "pk": 23,
    "fields": {
      "name": "Doorzon",
      "theme": 6
    }
  },
  {
    "model": "cases.casereason",
    "pk": 24,
    "fields": {
      "name": "Eigen onderzoek",
      "theme": 6
    }
  },
  {
    "model": "cases.casereason",
    "pk": 25,
    "fields": {
      "name": "RIEC (Regionale Informatie en Expertise Centrum)",
      "theme": 4
    }
  },
  {
    "model": "cases.casereason",
    "pk": 26,
    "fields": {
      "name": "Handhavingsverzoek",
      "theme": 2
    }
  },
  {
    "model": "cases.casereason",
    "pk": 27,
    "fields": {
      "name": "Handhavingsverzoek",
      "theme": 3
    }
  },
  {
    "model": "cases.casereason",
    "pk": 28,
    "fields": {
      "name": "Handhavingsverzoek",
      "theme": 4
    }
  },
  {
    "model": "cases.casereason",
    "pk": 29,
    "fields": {
      "name": "Handhavingsverzoek",
      "theme": 5
    }
  },
  {
    "model": "cases.casereason",
    "pk": 30,
    "fields": {
      "name": "Handhavingsverzoek",
      "theme": 6
    }
  },
  {
    "model": "cases.casereason",
    "pk": 31,
    "fields": {
      "name": "Eigen onderzoek",
      "theme": 2
    }
  },
  {
    "model": "cases.casereason",
    "pk": 32,
    "fields": {
      "name": "Eigen onderzoek",
      "theme": 3
    }
  },
  {
    "model": "cases.casereason",
    "pk": 33,
    "fields": {
      "name": "Eigen onderzoek",
      "theme": 5
    }
  },
  {
    "model": "cases.casereason",
    "pk": 34,
    "fields": {
      "name": "SIA melding",
      "theme": 7
    }
  },
  {
    "model": "cases.casereason",
    "pk": 35,
    "fields": {
      "name": "Digitaal onderzoek",
      "theme": 7
    }
  },
  {
    "model": "cases.casereason",
    "pk": 36,
    "fields": {
      "name": "Vergunning",
      "theme": 7
    }
  },
  {
    "model": "cases.casereason",
    "pk": 37,
    "fields": {
      "name": "Ilprowo",
      "theme": 3
    }
  },
  {
    "model": "cases.casereason",
    "pk": 38,
    "fields": {
      "name": "Handhavingsverzoek",
      "theme": 8
    }
  },
  {
    "model": "cases.casereason",
    "pk": 39,
    "fields": {
      "name": "Eigen onderzoek",
      "theme": 8
    }
  },
  {
    "model": "cases.casereason",
    "pk": 40,
    "fields": {
      "name": "Project",
      "theme": 8
    }
  },
  {
    "model": "cases.casereason",
    "pk": 41,
    "fields": {
      "name": "SIA melding",
      "theme": 8
    }
  },
  {
    "model": "cases.casereason",
    "pk": 42,
    "fields": {
      "name": "Handhavingsverzoek",
      "theme": 7
    }
  },
  {
    "model": "cases.caseclosereason",
    "pk": 15,
    "fields": {
      "name": "Anders, vermeld in toelichting",
      "case_theme": 2,
      "result": false
    }
  },
  {
    "model": "cases.caseclosereason",
    "pk": 16,
    "fields": {
      "name": "Doorgezet naar ander team",
      "case_theme": 2,
      "result": false
    }
  },
  {
    "model": "cases.caseclosereason",
    "pk": 17,
    "fields": {
      "name": "Geen aanleiding adres opnieuw te bezoeken",
      "case_theme": 2,
      "result": false
    }
  },
  {
    "model": "cases.caseclosereason",
    "pk": 18,
    "fields": {
      "name": "Geen woonfraude",
      "case_theme": 2,
      "result": false
    }
  },
  {
    "model": "cases.caseclosereason",
    "pk": 19,
    "fields": {
      "name": "Onvoldoende bewijs",
      "case_theme": 2,
      "result": false
    }
  },
  {
    "model": "cases.caseclosereason",
    "pk": 20,
    "fields": {
      "name": "Resultaat na hercontrole",
      "case_theme": 2,
      "result": true
    }
  },
  {
    "model": "cases.caseclosereason",
    "pk": 21,
    "fields": {
      "name": "Anders, vermeld in toelichting",
      "case_theme": 3,
      "result": false
    }
  },
  {
    "model": "cases.caseclosereason",
    "pk": 22,
    "fields": {
      "name": "Doorgezet naar ander team",
      "case_theme": 3,
      "result": false
    }
  },
  {
    "model": "cases.caseclosereason",
    "pk": 23,
    "fields": {
      "name": "Geen aanleiding adres opnieuw te bezoeken",
      "case_theme": 3,
      "result": false
    }
  },
  {
    "model": "cases.caseclosereason",
    "pk": 24,
    "fields": {
      "name": "Geen woonfraude",
      "case_theme": 3,
      "result": false
    }
  },
  {
    "model": "cases.caseclosereason",
    "pk": 25,
    "fields": {
      "name": "Onvoldoende bewijs",
      "case_theme": 3,
      "result": false
    }
  },
  {
    "model": "cases.caseclosereason",
    "pk": 26,
    "fields": {
      "name": "Resultaat na hercontrole",
      "case_theme": 3,
      "result": true
    }
  },
  {
    "model": "cases.caseclosereason",
    "pk": 27,
    "fields": {
      "name": "Anders, vermeld in toelichting",
      "case_theme": 4,
      "result": false
    }
  },
  {
    "model": "cases.caseclosereason",
    "pk": 28,
    "fields": {
      "name": "Doorgezet naar ander team",
      "case_theme": 4,
      "result": false
    }
  },
  {
    "model": "cases.caseclosereason",
    "pk": 29,
    "fields": {
      "name": "Geen aanleiding adres opnieuw te bezoeken",
      "case_theme": 4,
      "result": false
    }
  },
  {
    "model": "cases.caseclosereason",
    "pk": 30,
    "fields": {
      "name": "Geen woonfraude",
      "case_theme": 4,
      "result": false
    }
  },
  {
    "model": "cases.caseclosereason",
    "pk": 31,
    "fields": {
      "name": "Onvoldoende bewijs",
      "case_theme": 4,
      "result": false
    }
  },
  {
    "model": "cases.caseclosereason",
    "pk": 32,
    "fields": {
      "name": "Resultaat na hercontrole",
      "case_theme": 4,
      "result": true
    }
  },
  {
    "model": "cases.caseclosereason",
    "pk": 33,
    "fields": {
      "name": "Geen aanleiding adres opnieuw te bezoeken",
      "case_theme": 5,
      "result": false
    }
  },
  {
    "model": "cases.caseclosereason",
    "pk": 34,
    "fields": {
      "name": "Doorgezet naar ander team",
      "case_theme": 5,
      "result": false
    }
  },
  {
    "model": "cases.caseclosereason",
    "pk": 35,
    "fields": {
      "name": "Geen woonfraude",
      "case_theme": 5,
      "result": false
    }
  },
  {
    "model": "cases.caseclosereason",
    "pk": 36,
    "fields": {
      "name": "Resultaat na handhaving/hercontrole",
      "case_theme": 5,
      "result": true
    }
  },
  {
    "model": "cases.caseclosereason",
    "pk": 37,
    "fields": {
      "name": "Anders, vermeld in toelichting",
      "case_theme": 6,
      "result": false
    }
  },
  {
    "model": "cases.caseclosereason",
    "pk": 38,
    "fields": {
      "name": "Doorgezet naar ander team",
      "case_theme": 6,
      "result": false
    }
  },
  {
    "model": "cases.caseclosereason",
    "pk": 39,
    "fields": {
      "name": "Geen aanleiding adres opnieuw te bezoeken",
      "case_theme": 6,
      "result": false
    }
  },
  {
    "model": "cases.caseclosereason",
    "pk": 40,
    "fields": {
      "name": "Geen woonfraude",
      "case_theme": 6,
      "result": false
    }
  },
  {
    "model": "cases.caseclosereason",
    "pk": 41,
    "fields": {
      "name": "Onvoldoende bewijs",
      "case_theme": 6,
      "result": false
    }
  },
  {
    "model": "cases.caseclosereason",
    "pk": 42,
    "fields": {
      "name": "Resultaat na handhaving/hercontrole",
      "case_theme": 6,
      "result": true
    }
  },
  {
    "model": "cases.caseclosereason",
    "pk": 43,
    "fields": {
      "name": "Resultaat na hercontrole",
      "case_theme": 7,
      "result": true
    }
  },
  {
    "model": "cases.caseclosereason",
    "pk": 44,
    "fields": {
      "name": "Vergund bewoond",
      "case_theme": 7,
      "result": false
    }
  },
  {
    "model": "cases.caseclosereason",
    "pk": 45,
    "fields": {
      "name": "Reguliere bewoning",
      "case_theme": 7,
      "result": false
    }
  },
  {
    "model": "cases.caseclosereason",
    "pk": 46,
    "fields": {
      "name": "Doorgezet naar ander thema",
      "case_theme": 7,
      "result": false
    }
  },
  {
    "model": "cases.caseclosereason",
    "pk": 47,
    "fields": {
      "name": "Gelegaliseerd",
      "case_theme": 7,
      "result": false
    }
  },
  {
    "model": "cases.caseclosereason",
    "pk": 48,
    "fields": {
      "name": "Onvoldoende bewijs",
      "case_theme": 7,
      "result": false
    }
  },
  {
    "model": "cases.caseclosereason",
    "pk": 49,
    "fields": {
      "name": "Toekenning vergunning",
      "case_theme": 7,
      "result": false
    }
  },
  {
    "model": "cases.caseclosereason",
    "pk": 50,
    "fields": {
      "name": "Doorgezet naar ander team",
      "case_theme": 8,
      "result": false
    }
  },
  {
    "model": "cases.caseclosereason",
    "pk": 51,
    "fields": {
      "name": "Geen aanleiding adres opnieuw te bezoeken",
      "case_theme": 8,
      "result": false
    }
  },
  {
    "model": "cases.caseclosereason",
    "pk": 52,
    "fields": {
      "name": "Geen woonfraude",
      "case_theme": 8,
      "result": false
    }
  },
  {
    "model": "cases.caseclosereason",
    "pk": 53,
    "fields": {
      "name": "Onvoldoende bewijs",
      "case_theme": 8,
      "result": false
    }
  },
  {
    "model": "cases.caseclosereason",
    "pk": 54,
    "fields": {
      "name": "Gelegaliseerd",
      "case_theme": 8,
      "result": false
    }
  },
  {
    "model": "cases.caseclosereason",
    "pk": 55,
    "fields": {
      "name": "Anders, vermeld in toelichting",
      "case_theme": 8,
      "result": false
    }
  },
  {
    "model": "cases.casecloseresult",
    "pk": 4,
    "fields": {
      "name": "Gelegaliseerd",
      "case_theme": 2
    }
  },
  {
    "model": "cases.casecloseresult",
    "pk": 5,
    "fields": {
      "name": "Regulier verhuurd",
      "case_theme": 2
    }
  },
  {
    "model": "cases.casecloseresult",
    "pk": 6,
    "fields": {
      "name": "Regulier bewoond",
      "case_theme": 2
    }
  },
  {
    "model": "cases.casecloseresult",
    "pk": 7,
    "fields": {
      "name": "Regulier bewoond",
      "case_theme": 3
    }
  },
  {
    "model": "cases.casecloseresult",
    "pk": 8,
    "fields": {
      "name": "Gelegaliseerd",
      "case_theme": 3
    }
  },
  {
    "model": "cases.casecloseresult",
    "pk": 9,
    "fields": {
      "name": "Gelegaliseerd",
      "case_theme": 4
    }
  },
  {
    "model": "cases.casecloseresult",
    "pk": 10,
    "fields": {
      "name": "Regulier bewoond",
      "case_theme": 4
    }
  },
  {
    "model": "cases.casecloseresult",
    "pk": 11,
    "fields": {
      "name": "Gelegaliseerd",
      "case_theme": 5
    }
  },
  {
    "model": "cases.casecloseresult",
    "pk": 12,
    "fields": {
      "name": "Regulier verhuurd",
      "case_theme": 5
    }
  },
  {
    "model": "cases.casecloseresult",
    "pk": 13,
    "fields": {
      "name": "Regulier bewoond",
      "case_theme": 5
    }
  },
  {
    "model": "cases.casecloseresult",
    "pk": 14,
    "fields": {
      "name": "Regulier verhuurd",
      "case_theme": 6
    }
  },
  {
    "model": "cases.casecloseresult",
    "pk": 15,
    "fields": {
      "name": "Regulier bewoond",
      "case_theme": 6
    }
  },
  {
    "model": "cases.casecloseresult",
    "pk": 16,
    "fields": {
      "name": "Gelegaliseerd",
      "case_theme": 6
    }
  },
  {
    "model": "cases.casecloseresult",
    "pk": 17,
    "fields": {
      "name": "Gelegaliseerd",
      "case_theme": 7
    }
  },
  {
    "model": "cases.casecloseresult",
    "pk": 18,
    "fields": {
      "name": "Regulier bewoond",
      "case_theme": 7
    }
  },
  {
    "model": "cases.caseproject",
    "pk": 3,
    "fields": {
      "name": "Jupiter",
      "theme": 3
    }
  },
  {
    "model": "cases.caseproject",
    "pk": 4,
    "fields": {
      "name": "Pluto",
      "theme": 3
    }
  },
  {
    "model": "cases.caseproject",
    "pk": 1,
    "fields": {
      "name": "Levant",
      "theme": 2
    }
  },
  {
    "model": "cases.casestatetype",
    "pk": 235,
    "fields": {
      "name": "Huisbezoek"
    }
  },
  {
    "model": "cases.casestatetype",
    "pk": 236,
    "fields": {
      "name": "Hercontrole"
    }
  },
  {
    "model": "cases.subject",
    "pk": 1,
    "fields": {
      "name": "Crimineel gebruik",
      "theme": 4
    }
  },
  {
    "model": "cases.subject",
    "pk": 2,
    "fields": {
      "name": "Hennep",
      "theme": 4
    }
  },
  {
    "model": "cases.subject",
    "pk": 3,
    "fields": {
      "name": "Overige woonfraude",
      "theme": 4
    }
  },
  {
    "model": "cases.subject",
    "pk": 4,
    "fields": {
      "name": "Geen nachtverblijf",
      "theme": 2
    }
  },
  {
    "model": "cases.subject",
    "pk": 5,
    "fields": {
      "name": "Niet-melden",
      "theme": 2
    }
  },
  {
    "model": "cases.subject",
    "pk": 6,
    "fields": {
      "name": "Ontbreken inschrijving BRP",
      "theme": 2
    }
  },
  {
    "model": "cases.subject",
    "pk": 7,
    "fields": {
      "name": "Ontbreken registratienummer",
      "theme": 2
    }
  },
  {
    "model": "cases.subject",
    "pk": 8,
    "fields": {
      "name": "Ontbreken VV vergunning",
      "theme": 2
    }
  },
  {
    "model": "cases.subject",
    "pk": 9,
    "fields": {
      "name": "Overschrijding nachten",
      "theme": 2
    }
  },
  {
    "model": "cases.subject",
    "pk": 10,
    "fields": {
      "name": "Overschrijding personen",
      "theme": 2
    }
  },
  {
    "model": "cases.subject",
    "pk": 11,
    "fields": {
      "name": "Schending oppervlakte eisen",
      "theme": 2
    }
  },
  {
    "model": "cases.subject",
    "pk": 12,
    "fields": {
      "name": "VV in sociale huurwoning",
      "theme": 2
    }
  },
  {
    "model": "cases.subject",
    "pk": 13,
    "fields": {
      "name": "VV zonder feitelijke bewoning",
      "theme": 2
    }
  },
  {
    "model": "cases.subject",
    "pk": 14,
    "fields": {
      "name": "Omzetting naar maximaal 4 kamers",
      "theme": 3
    }
  },
  {
    "model": "cases.subject",
    "pk": 15,
    "fields": {
      "name": "Woningonttrekking kortdurend verblijf",
      "theme": 3
    }
  },
  {
    "model": "cases.subject",
    "pk": 16,
    "fields": {
      "name": "Omzetting naar vijf kamers of meer",
      "theme": 3
    }
  },
  {
    "model": "cases.subject",
    "pk": 17,
    "fields": {
      "name": "Woningonttrekking prostitutie",
      "theme": 3
    }
  },
  {
    "model": "cases.subject",
    "pk": 18,
    "fields": {
      "name": "Overige woonfraude",
      "theme": 3
    }
  },
  {
    "model": "cases.subject",
    "pk": 19,
    "fields": {
      "name": "Verbouwd naar twee of meer zelfstandige woningen",
      "theme": 3
    }
  },
  {
    "model": "cases.subject",
    "pk": 20,
    "fields": {
      "name": "Samenvoeging van woningen",
      "theme": 3
    }
  },
  {
    "model": "cases.subject",
    "pk": 21,
    "fields": {
      "name": "Ontbreken B&B vergunning",
      "theme": 2
    }
  },
  {
    "model": "cases.subject",
    "pk": 22,
    "fields": {
      "name": "Professionele eigenaar",
      "theme": 5
    }
  },
  {
    "model": "cases.subject",
    "pk": 23,
    "fields": {
      "name": "Leegstand niet gemeld",
      "theme": 5
    }
  },
  {
    "model": "cases.subject",
    "pk": 24,
    "fields": {
      "name": "Geen melding na voordracht",
      "theme": 5
    }
  },
  {
    "model": "cases.subject",
    "pk": 25,
    "fields": {
      "name": "Eigenaar werkt niet mee aan overleg",
      "theme": 5
    }
  },
  {
    "model": "cases.subject",
    "pk": 26,
    "fields": {
      "name": "Geen legalisatie(vergunning) aangevraagd",
      "theme": 5
    }
  },
  {
    "model": "cases.subject",
    "pk": 27,
    "fields": {
      "name": "Administratieve leegstand",
      "theme": 5
    }
  },
  {
    "model": "cases.subject",
    "pk": 28,
    "fields": {
      "name": "Feitelijke leegstand",
      "theme": 5
    }
  },
  {
    "model": "cases.subject",
    "pk": 29,
    "fields": {
      "name": "Nog niet bekend",
      "theme": 5
    }
  },
  {
    "model": "cases.subject",
    "pk": 30,
    "fields": {
      "name": "Prostitutie",
      "theme": 4
    }
  },
  {
    "model": "cases.subject",
    "pk": 31,
    "fields": {
      "name": "Zelfstandige B&B",
      "theme": 2
    }
  },
  {
    "model": "cases.subject",
    "pk": 32,
    "fields": {
      "name": "In gebruik geven",
      "theme": 6
    }
  },
  {
    "model": "cases.subject",
    "pk": 33,
    "fields": {
      "name": "In gebruik nemen",
      "theme": 6
    }
  },
  {
    "model": "cases.subject",
    "pk": 34,
    "fields": {
      "name": "In gebruik geven tegen hogere huurprijs",
      "theme": 6
    }
  },
  {
    "model": "cases.subject",
    "pk": 35,
    "fields": {
      "name": "In gebruik geven meerdere woningen",
      "theme": 6
    }
  },
  {
    "model": "cases.subject",
    "pk": 36,
    "fields": {
      "name": "Recidive",
      "theme": 6
    }
  },
  {
    "model": "cases.subject",
    "pk": 37,
    "fields": {
      "name": "Kamerverhuur en in gebruik geven",
      "theme": 6
    }
  },
  {
    "model": "cases.subject",
    "pk": 38,
    "fields": {
      "name": "Kamerverhuur zonder toestemming corporatie",
      "theme": 6
    }
  },
  {
    "model": "cases.subject",
    "pk": 39,
    "fields": {
      "name": "Pied-à-terre",
      "theme": 5
    }
  },
  {
    "model": "cases.subject",
    "pk": 40,
    "fields": {
      "name": "Ontbreken short stay vergunning",
      "theme": 2
    }
  },
  {
    "model": "cases.subject",
    "pk": 41,
    "fields": {
      "name": "Minder dan 7 nachten",
      "theme": 2
    }
  },
  {
    "model": "cases.subject",
    "pk": 42,
    "fields": {
      "name": "Rechtmatige bewoning",
      "theme": 7
    }
  },
  {
    "model": "cases.subject",
    "pk": 43,
    "fields": {
      "name": "Overtreding verhuurverbod",
      "theme": 7
    }
  },
  {
    "model": "cases.subject",
    "pk": 44,
    "fields": {
      "name": "Rechtmatige bewoning middels een verhuurvergunning of ontheffing",
      "theme": 7
    }
  },
  {
    "model": "cases.subject",
    "pk": 45,
    "fields": {
      "name": "Leegstand",
      "theme": 7
    }
  },
  {
    "model": "cases.subject",
    "pk": 46,
    "fields": {
      "name": "Kamerverhuur",
      "theme": 7
    }
  },
  {
    "model": "cases.subject",
    "pk": 53,
    "fields": {
      "name": "Intimidatie",
      "theme": 8
    }
  },
  {
    "model": "cases.subject",
    "pk": 54,
    "fields": {
      "name": "Discriminatie",
      "theme": 8
    }
  },
  {
    "model": "cases.subject",
    "pk": 55,
    "fields": {
      "name": "Hoogte waarborgsom",
      "theme": 8
    }
  },
  {
    "model": "cases.subject",
    "pk": 56,
    "fields": {
      "name": "Bemiddelingskosten",
      "theme": 8
    }
  },
  {
    "model": "cases.subject",
    "pk": 57,
    "fields": {
      "name": "Huurcontract",
      "theme": 8
    }
  },
  {
    "model": "cases.subject",
    "pk": 58,
    "fields": {
      "name": "Informatieverstrekkingsplicht",
      "theme": 8
    }
  },
  {
    "model": "cases.subject",
    "pk": 59,
    "fields": {
      "name": "Oneigenlijke servicekosten",
      "theme": 8
    }
  },
  {
    "model": "cases.subject",
    "pk": 60,
    "fields": {
      "name": "Arbeidsmigranten huurcontract",
      "theme": 8
    }
  },
  {
    "model": "cases.subject",
    "pk": 61,
    "fields": {
      "name": "Arbeidsmigranten informatieverstrekkingsplicht eigen taal",
      "theme": 8
    }
  },
  {
    "model": "cases.subject",
    "pk": 62,
    "fields": {
      "name": "Doorzon",
      "theme": 4
    }
  },
  {
    "model": "cases.subject",
    "pk": 63,
    "fields": {
      "name": "Zorgwoning",
      "theme": 3
    }
  },
  {
    "model": "cases.subject",
    "pk": 64,
    "fields": {
      "name": "Overige",
      "theme": 8
    }
  },
  {
    "model": "cases.subject",
    "pk": 65,
    "fields": {
      "name": "Wisselwoning",
      "theme": 5
    }
  },
  {
    "model": "cases.subject",
    "pk": 66,
    "fields": {
      "name": "Calamiteiten woning",
      "theme": 5
    }
  },
  {
    "model": "cases.subject",
    "pk": 67,
    "fields": {
      "name": "Sloop",
      "theme": 5
    }
  },
  {
    "model": "cases.subject",
    "pk": 68,
    "fields": {
      "name": "Doorzon",
      "theme": 8
    }
  },
  {
    "model": "cases.subject",
    "pk": 69,
    "fields": {
      "name": "Doorzon",
      "theme": 3
    }
  },
  {
    "model": "cases.subject",
    "pk": 70,
    "fields": {
      "name": "Doorzon",
      "theme": 5
    }
  },
  {
    "model": "cases.subject",
    "pk": 71,
    "fields": {
      "name": "Doorzon",
      "theme": 6
    }
  },
  {
    "model": "cases.subject",
    "pk": 72,
    "fields": {
      "name": "Doorzon",
      "theme": 7
    }
  },
  {
    "model": "cases.subject",
    "pk": 73,
    "fields": {
      "name": "Doorzon",
      "theme": 2
    }
  }
]
